{
  "Vx_c": 9.857287335933979,
  "Kc": 0.2609954250801524,
  "Kn": 0.07054953211510527,
  "Ki": 0.0,
  "Mxx": 0.005992448458468558,
  "Ax": 1.0,
  "Vy_c": 25.0,
  "Kpp": 0.2,
  "Kfc": 0.1,
  "Ka": 0.2,
  "Myy": 0.03,
  "Ay": 1.0,
  "Vm": 5.0,
  "Kp": 1.0,
  "Kf": 1.0,
  "Kch": 0.5,
  "k_d1": 2.981377165214372e-05,
  "k_d2": 0.0007,
  "k_d": 0.5,
  "eps2": 5.0,
  "aP": 0.3333,
  "aF": 0.3333,
  "aCh": 0.3333,
  "bXP": 0.58,
  "bXF": 0.22,
  "bYP": 0.6,
  "bYF": 0.1,
  "gPC": 0.77,
  "gPN": 0.23,
  "gFC": 1.0,
  "gChC": 1.0,
  "C0": 0.11,
  "N0": 0.15,
  "X0": 0.0024,
  "Y0": 0.00025,
  "Dcl0": 0.04,
  "Dps0": 0.04,
  "Ac0": 0.9,
  "total_time": 20000.0,
  "output_step": 10.0
}