{
  "kinetic_model": "liebig",
  "Vx_c": 13.737600149369321,
  "Kc": 0.46468351421836007,
  "Kn": 0.07310126045267169,
  "Ki": 0.13763835877437203,
  "Mxx": 0.009592691165074522,
  "Ax": 0.2765454640182305,
  "Vy_c": 21.7624566019615,
  "Kpp": 0.18367470764394547,
  "Kfc": 0.02233904942190991,
  "Ka": 0.12351102468771791,
  "Myy": 0.07855123749934254,
  "Ay": 0.37702356301965106,
  "Vm": 7.565415575311954,
  "Kp": 0.5055145334374674,
  "Kf": 1.5149705730983463,
  "Kch": 0.4014933085311209,
  "k_d1": 0.0012957405784828064,
  "k_d2": 0.00031664270333681696,
  "k_d": 0.13755882937478814,
  "eps2": 4.652120233882449,
  "aP": 0.43456690958987954,
  "aF": 0.3088148325297425,
  "aCh": 0.23281410923293974,
  "bXP": 0.58,
  "bXF": 0.22,
  "bYP": 0.6,
  "bYF": 0.1,
  "gPC": 0.77,
  "gPN": 0.23,
  "gFC": 1.0,
  "gChC": 1.0,
  "C0": 0.11,
  "N0": 0.15,
  "X0": 0.0024,
  "Y0": 0.00025,
  "Dcl0": 0.04,
  "Dps0": 0.04,
  "Ac0": 0.9,
  "total_time": 20000.0,
  "output_step": 10.0
}