{
  "kinetic_model": "mitscherlich",
  "Vx_c": 17.669401143822917,
  "Kc": 1.2612801691096989,
  "Kn": 0.05207010203548086,
  "Ki": 0.003270370865482368,
  "Mxx": 0.00916517202544949,
  "Ax": 0.2538010798493729,
  "Vy_c": 15.128877858888384,
  "Kpp": 0.29122048927737165,
  "Kfc": 0.04773932306373961,
  "Ka": 0.35768552844333296,
  "Myy": 0.012092906963120653,
  "Ay": 1.1354566800063626,
  "Vm": 9.943199857345329,
  "Kp": 3.4729092921711158,
  "Kf": 3.4364397179421546,
  "Kch": 0.44717220351985676,
  "k_d1": 0.002645906677912312,
  "k_d2": 1.5458249421262825e-05,
  "k_d": 0.5210724271385243,
  "eps2": 3.0658925571555304,
  "aP": 0.4136870041473152,
  "aF": 0.40644776821183126,
  "aCh": 0.13296659980835768,
  "bXP": 0.58,
  "bXF": 0.22,
  "bYP": 0.6,
  "bYF": 0.1,
  "gPC": 0.77,
  "gPN": 0.23,
  "gFC": 1.0,
  "gChC": 1.0,
  "C0": 0.11,
  "N0": 0.15,
  "X0": 0.0024,
  "Y0": 0.00025,
  "Dcl0": 0.04,
  "Dps0": 0.04,
  "Ac0": 0.9,
  "total_time": 20000.0,
  "output_step": 10.0
}